description,tags
Creative corporate photographer with expertise in black-white work. Also offering candid services.,"['corporate', 'black-white', 'candid', 'product']"
Professional photographer specializing in romantic and fashion photography. Also offering portrait services.,"['romantic', 'fashion', 'portrait']"
Creative dramatic photographer with expertise in model work. Also offering outdoor services.,"['dramatic', 'model', 'outdoor']"
Experienced in beauty photography and romantic sessions. Also offering artistic services.,"['beauty', 'romantic', 'artistic']"
Experienced in outdoor photography and romantic sessions.,"['outdoor', 'romantic']"
Experienced in traditional photography and black-white sessions.,"['traditional', 'black-white']"
Creative business photographer with expertise in artistic work. Also offering portrait services.,"['business', 'artistic', 'portrait', 'fine-art']"
Creative architectural photographer with expertise in natural-light work.,"['architectural', 'natural-light']"
Experienced in event photography and studio sessions. Also offering fashion services.,"['event', 'studio', 'fashion', 'corporate']"
Professional photographer specializing in black-white and wedding photography. Also offering architectural services.,"['black-white', 'wedding', 'architectural']"
Professional photographer specializing in studio and natural-light photography.,"['studio', 'natural-light']"
Professional photographer specializing in family and outdoor photography.,"['family', 'outdoor']"
Experienced in business photography and model sessions.,"['business', 'model']"
Experienced in corporate photography and portrait sessions. Also offering product services.,"['corporate', 'portrait', 'product', 'wedding']"
Experienced in fine-art photography and documentary sessions. Also offering natural-light services.,"['fine-art', 'documentary', 'natural-light', 'black-white']"
Creative fine-art photographer with expertise in dramatic work.,"['fine-art', 'dramatic']"
Creative outdoor photographer with expertise in traditional work.,"['outdoor', 'traditional']"
Creative model photographer with expertise in dramatic work. Also offering documentary services.,"['model', 'dramatic', 'documentary']"
Creative corporate photographer with expertise in portrait work. Also offering traditional services.,"['corporate', 'portrait', 'traditional', 'artistic', 'fashion']"
Experienced in studio photography and editorial sessions.,"['studio', 'editorial']"
Creative romantic photographer with expertise in corporate work. Also offering documentary services.,"['romantic', 'corporate', 'documentary', 'editorial']"
Experienced in business photography and editorial sessions. Also offering traditional services.,"['business', 'editorial', 'traditional']"
Creative traditional photographer with expertise in wedding work. Also offering fashion services.,"['traditional', 'wedding', 'fashion', 'family', 'beauty']"
Experienced in portrait photography and candid sessions. Also offering black-white services.,"['portrait', 'candid', 'black-white', 'architectural']"
Creative fashion photographer with expertise in product work. Also offering candid services.,"['fashion', 'product', 'candid', 'documentary']"
Creative portrait photographer with expertise in studio work. Also offering professional services.,"['portrait', 'studio', 'professional', 'dramatic', 'romantic']"
Professional photographer specializing in dramatic and family photography.,"['dramatic', 'family']"
Experienced in romantic photography and model sessions. Also offering architectural services.,"['romantic', 'model', 'architectural']"
Experienced in family photography and documentary sessions. Also offering model services.,"['family', 'documentary', 'model']"
Experienced in dramatic photography and studio sessions. Also offering portrait services.,"['dramatic', 'studio', 'portrait', 'event', 'family']"
Creative romantic photographer with expertise in outdoor work.,"['romantic', 'outdoor']"
Experienced in model photography and family sessions. Also offering corporate services.,"['model', 'family', 'corporate', 'outdoor']"
Professional photographer specializing in artistic and wedding photography. Also offering corporate services.,"['artistic', 'wedding', 'corporate', 'beauty']"
Creative professional photographer with expertise in candid work. Also offering traditional services.,"['professional', 'candid', 'traditional']"
Creative outdoor photographer with expertise in documentary work. Also offering portrait services.,"['outdoor', 'documentary', 'portrait', 'black-white']"
Creative documentary photographer with expertise in professional work. Also offering product services.,"['documentary', 'professional', 'product', 'fine-art', 'fashion']"
Experienced in dramatic photography and portrait sessions. Also offering professional services.,"['dramatic', 'portrait', 'professional']"
Creative artistic photographer with expertise in studio work. Also offering business services.,"['artistic', 'studio', 'business']"
Experienced in black-white photography and family sessions. Also offering wedding services.,"['black-white', 'family', 'wedding', 'outdoor']"
Creative product photographer with expertise in fashion work. Also offering corporate services.,"['product', 'fashion', 'corporate', 'traditional']"
Creative documentary photographer with expertise in product work.,"['documentary', 'product']"
Experienced in product photography and family sessions. Also offering wedding services.,"['product', 'family', 'wedding']"
Experienced in natural-light photography and architectural sessions. Also offering event services.,"['natural-light', 'architectural', 'event', 'fine-art']"
Creative traditional photographer with expertise in fashion work. Also offering black-white services.,"['traditional', 'fashion', 'black-white', 'beauty']"
Experienced in artistic photography and wedding sessions. Also offering architectural services.,"['artistic', 'wedding', 'architectural', 'romantic', 'professional']"
Professional photographer specializing in business and outdoor photography. Also offering model services.,"['business', 'outdoor', 'model', 'artistic']"
Experienced in dramatic photography and model sessions. Also offering traditional services.,"['dramatic', 'model', 'traditional', 'artistic', 'beauty']"
Experienced in event photography and dramatic sessions. Also offering fine-art services.,"['event', 'dramatic', 'fine-art', 'candid', 'studio']"
Professional photographer specializing in portrait and traditional photography. Also offering outdoor services.,"['portrait', 'traditional', 'outdoor', 'artistic']"
Experienced in family photography and professional sessions. Also offering fine-art services.,"['family', 'professional', 'fine-art']"
Experienced in business photography and documentary sessions. Also offering editorial services.,"['business', 'documentary', 'editorial', 'architectural']"
Professional photographer specializing in architectural and product photography.,"['architectural', 'product']"
Creative outdoor photographer with expertise in product work. Also offering dramatic services.,"['outdoor', 'product', 'dramatic', 'studio', 'black-white']"
Professional photographer specializing in fashion and candid photography. Also offering fine-art services.,"['fashion', 'candid', 'fine-art']"
Creative event photographer with expertise in business work. Also offering studio services.,"['event', 'business', 'studio']"
Experienced in product photography and fashion sessions. Also offering business services.,"['product', 'fashion', 'business', 'professional']"
Professional photographer specializing in corporate and romantic photography. Also offering architectural services.,"['corporate', 'romantic', 'architectural', 'model', 'dramatic']"
Experienced in studio photography and professional sessions. Also offering editorial services.,"['studio', 'professional', 'editorial']"
Professional photographer specializing in model and outdoor photography. Also offering romantic services.,"['model', 'outdoor', 'romantic', 'artistic']"
Experienced in candid photography and event sessions.,"['candid', 'event']"
Professional photographer specializing in romantic and natural-light photography.,"['romantic', 'natural-light']"
Experienced in beauty photography and black-white sessions. Also offering editorial services.,"['beauty', 'black-white', 'editorial']"
Professional photographer specializing in editorial and fashion photography. Also offering portrait services.,"['editorial', 'fashion', 'portrait', 'dramatic', 'beauty']"
Creative dramatic photographer with expertise in model work. Also offering family services.,"['dramatic', 'model', 'family', 'professional']"
Creative professional photographer with expertise in wedding work.,"['professional', 'wedding']"
Creative studio photographer with expertise in outdoor work. Also offering professional services.,"['studio', 'outdoor', 'professional', 'candid']"
Experienced in documentary photography and wedding sessions.,"['documentary', 'wedding']"
Creative black-white photographer with expertise in architectural work. Also offering product services.,"['black-white', 'architectural', 'product', 'model', 'professional']"
Creative editorial photographer with expertise in family work. Also offering natural-light services.,"['editorial', 'family', 'natural-light', 'artistic']"
Experienced in architectural photography and portrait sessions. Also offering black-white services.,"['architectural', 'portrait', 'black-white', 'business']"
Professional photographer specializing in outdoor and portrait photography.,"['outdoor', 'portrait']"
Creative beauty photographer with expertise in outdoor work. Also offering corporate services.,"['beauty', 'outdoor', 'corporate', 'wedding']"
Professional photographer specializing in family and business photography. Also offering outdoor services.,"['family', 'business', 'outdoor', 'documentary', 'model']"
Experienced in portrait photography and model sessions. Also offering traditional services.,"['portrait', 'model', 'traditional', 'dramatic', 'fine-art']"
Professional photographer specializing in traditional and fine-art photography. Also offering romantic services.,"['traditional', 'fine-art', 'romantic', 'documentary', 'wedding']"
Experienced in event photography and artistic sessions. Also offering fashion services.,"['event', 'artistic', 'fashion']"
Experienced in fine-art photography and candid sessions. Also offering professional services.,"['fine-art', 'candid', 'professional']"
Professional photographer specializing in portrait and natural-light photography. Also offering fine-art services.,"['portrait', 'natural-light', 'fine-art', 'candid']"
Professional photographer specializing in portrait and outdoor photography. Also offering traditional services.,"['portrait', 'outdoor', 'traditional', 'dramatic']"
Creative family photographer with expertise in candid work. Also offering portrait services.,"['family', 'candid', 'portrait', 'product', 'fine-art']"
Experienced in business photography and outdoor sessions. Also offering product services.,"['business', 'outdoor', 'product', 'professional', 'romantic']"
Creative studio photographer with expertise in family work.,"['studio', 'family']"
Creative traditional photographer with expertise in wedding work.,"['traditional', 'wedding']"
Experienced in event photography and product sessions. Also offering portrait services.,"['event', 'product', 'portrait', 'family', 'wedding']"
Creative romantic photographer with expertise in corporate work. Also offering black-white services.,"['romantic', 'corporate', 'black-white', 'artistic']"
Creative fine-art photographer with expertise in beauty work.,"['fine-art', 'beauty']"
Creative black-white photographer with expertise in portrait work.,"['black-white', 'portrait']"
Experienced in editorial photography and beauty sessions. Also offering black-white services.,"['editorial', 'beauty', 'black-white']"
Experienced in candid photography and black-white sessions. Also offering wedding services.,"['candid', 'black-white', 'wedding', 'professional', 'business']"
Professional photographer specializing in wedding and family photography. Also offering candid services.,"['wedding', 'family', 'candid']"
Creative product photographer with expertise in model work. Also offering beauty services.,"['product', 'model', 'beauty', 'editorial', 'black-white']"
Experienced in documentary photography and fine-art sessions. Also offering editorial services.,"['documentary', 'fine-art', 'editorial', 'wedding']"
Experienced in portrait photography and outdoor sessions. Also offering beauty services.,"['portrait', 'outdoor', 'beauty', 'business', 'studio']"
Experienced in fashion photography and dramatic sessions. Also offering fine-art services.,"['fashion', 'dramatic', 'fine-art']"
Professional photographer specializing in event and product photography.,"['event', 'product']"
Professional photographer specializing in fine-art and fashion photography. Also offering natural-light services.,"['fine-art', 'fashion', 'natural-light', 'family', 'corporate']"
Creative fashion photographer with expertise in corporate work. Also offering traditional services.,"['fashion', 'corporate', 'traditional', 'beauty']"
Experienced in romantic photography and product sessions. Also offering natural-light services.,"['romantic', 'product', 'natural-light']"
Creative outdoor photographer with expertise in wedding work. Also offering black-white services.,"['outdoor', 'wedding', 'black-white', 'dramatic', 'corporate']"
Professional photographer specializing in fine-art and romantic photography.,"['fine-art', 'romantic']"
Experienced in wedding photography and candid sessions. Also offering natural-light services.,"['wedding', 'candid', 'natural-light', 'fashion', 'family']"
Professional photographer specializing in editorial and business photography. Also offering beauty services.,"['editorial', 'business', 'beauty', 'architectural']"
Creative candid photographer with expertise in dramatic work.,"['candid', 'dramatic']"
Professional photographer specializing in studio and romantic photography. Also offering portrait services.,"['studio', 'romantic', 'portrait', 'architectural']"
Professional photographer specializing in studio and romantic photography. Also offering product services.,"['studio', 'romantic', 'product', 'fashion', 'event']"
Professional photographer specializing in product and romantic photography.,"['product', 'romantic']"
Creative corporate photographer with expertise in professional work. Also offering architectural services.,"['corporate', 'professional', 'architectural', 'traditional']"
Experienced in fine-art photography and beauty sessions. Also offering event services.,"['fine-art', 'beauty', 'event']"
Creative fine-art photographer with expertise in editorial work. Also offering model services.,"['fine-art', 'editorial', 'model']"
Creative model photographer with expertise in dramatic work. Also offering professional services.,"['model', 'dramatic', 'professional']"
Experienced in documentary photography and business sessions. Also offering corporate services.,"['documentary', 'business', 'corporate']"
Experienced in fashion photography and wedding sessions. Also offering editorial services.,"['fashion', 'wedding', 'editorial', 'romantic', 'model']"
Experienced in professional photography and fashion sessions. Also offering black-white services.,"['professional', 'fashion', 'black-white', 'model']"
Professional photographer specializing in fashion and studio photography.,"['fashion', 'studio']"
Professional photographer specializing in fashion and candid photography. Also offering beauty services.,"['fashion', 'candid', 'beauty', 'product', 'corporate']"
Experienced in family photography and artistic sessions. Also offering portrait services.,"['family', 'artistic', 'portrait', 'event']"
Creative corporate photographer with expertise in professional work.,"['corporate', 'professional']"
Experienced in beauty photography and model sessions. Also offering product services.,"['beauty', 'model', 'product', 'fashion']"
Experienced in wedding photography and black-white sessions. Also offering business services.,"['wedding', 'black-white', 'business', 'romantic']"
Experienced in black-white photography and product sessions. Also offering documentary services.,"['black-white', 'product', 'documentary', 'candid']"
Creative fine-art photographer with expertise in artistic work.,"['fine-art', 'artistic']"
Professional photographer specializing in corporate and product photography. Also offering model services.,"['corporate', 'product', 'model']"
Experienced in fine-art photography and outdoor sessions. Also offering dramatic services.,"['fine-art', 'outdoor', 'dramatic', 'black-white', 'artistic']"
Creative editorial photographer with expertise in artistic work. Also offering dramatic services.,"['editorial', 'artistic', 'dramatic']"
Experienced in family photography and traditional sessions. Also offering studio services.,"['family', 'traditional', 'studio', 'corporate']"
Creative black-white photographer with expertise in product work. Also offering event services.,"['black-white', 'product', 'event']"
Professional photographer specializing in candid and wedding photography.,"['candid', 'wedding']"
Professional photographer specializing in portrait and dramatic photography. Also offering black-white services.,"['portrait', 'dramatic', 'black-white', 'outdoor', 'event']"
Professional photographer specializing in outdoor and black-white photography. Also offering fashion services.,"['outdoor', 'black-white', 'fashion', 'family', 'fine-art']"
Experienced in natural-light photography and fine-art sessions. Also offering professional services.,"['natural-light', 'fine-art', 'professional']"
Creative romantic photographer with expertise in traditional work. Also offering fine-art services.,"['romantic', 'traditional', 'fine-art']"
Experienced in business photography and product sessions. Also offering architectural services.,"['business', 'product', 'architectural', 'wedding', 'natural-light']"
Creative beauty photographer with expertise in business work. Also offering family services.,"['beauty', 'business', 'family', 'editorial']"
Experienced in traditional photography and wedding sessions. Also offering black-white services.,"['traditional', 'wedding', 'black-white', 'product', 'fashion']"
Experienced in product photography and business sessions. Also offering romantic services.,"['product', 'business', 'romantic', 'fine-art']"
Professional photographer specializing in wedding and fine-art photography. Also offering traditional services.,"['wedding', 'fine-art', 'traditional', 'corporate', 'natural-light']"
Creative traditional photographer with expertise in documentary work.,"['traditional', 'documentary']"
Experienced in traditional photography and fashion sessions.,"['traditional', 'fashion']"
Experienced in studio photography and corporate sessions. Also offering editorial services.,"['studio', 'corporate', 'editorial', 'outdoor', 'black-white']"
Experienced in business photography and model sessions. Also offering product services.,"['business', 'model', 'product', 'architectural']"
Experienced in product photography and candid sessions.,"['product', 'candid']"
Experienced in outdoor photography and architectural sessions. Also offering corporate services.,"['outdoor', 'architectural', 'corporate', 'editorial']"
Creative product photographer with expertise in corporate work. Also offering family services.,"['product', 'corporate', 'family', 'natural-light']"
Professional photographer specializing in corporate and portrait photography. Also offering candid services.,"['corporate', 'portrait', 'candid', 'traditional']"
Professional photographer specializing in romantic and product photography.,"['romantic', 'product']"
Professional photographer specializing in corporate and fine-art photography. Also offering business services.,"['corporate', 'fine-art', 'business']"
Experienced in artistic photography and product sessions. Also offering corporate services.,"['artistic', 'product', 'corporate', 'family']"
Experienced in outdoor photography and romantic sessions. Also offering professional services.,"['outdoor', 'romantic', 'professional', 'natural-light']"
Creative traditional photographer with expertise in fine-art work. Also offering romantic services.,"['traditional', 'fine-art', 'romantic', 'fashion']"
Experienced in fine-art photography and editorial sessions.,"['fine-art', 'editorial']"
Creative editorial photographer with expertise in family work. Also offering fashion services.,"['editorial', 'family', 'fashion', 'business']"
Creative wedding photographer with expertise in event work. Also offering fine-art services.,"['wedding', 'event', 'fine-art', 'documentary']"
Experienced in documentary photography and romantic sessions. Also offering architectural services.,"['documentary', 'romantic', 'architectural']"
Experienced in artistic photography and candid sessions. Also offering architectural services.,"['artistic', 'candid', 'architectural', 'natural-light']"
Experienced in studio photography and model sessions.,"['studio', 'model']"
Professional photographer specializing in studio and documentary photography.,"['studio', 'documentary']"
Professional photographer specializing in architectural and studio photography. Also offering professional services.,"['architectural', 'studio', 'professional', 'business', 'beauty']"
Professional photographer specializing in studio and architectural photography. Also offering product services.,"['studio', 'architectural', 'product']"
Experienced in dramatic photography and professional sessions. Also offering wedding services.,"['dramatic', 'professional', 'wedding', 'business', 'natural-light']"
Experienced in corporate photography and architectural sessions.,"['corporate', 'architectural']"
Experienced in editorial photography and product sessions. Also offering black-white services.,"['editorial', 'product', 'black-white', 'traditional', 'professional']"
Creative studio photographer with expertise in beauty work.,"['studio', 'beauty']"
Creative traditional photographer with expertise in fine-art work.,"['traditional', 'fine-art']"
Professional photographer specializing in product and artistic photography. Also offering documentary services.,"['product', 'artistic', 'documentary']"
Experienced in professional photography and wedding sessions. Also offering dramatic services.,"['professional', 'wedding', 'dramatic', 'fine-art']"
Experienced in corporate photography and dramatic sessions.,"['corporate', 'dramatic']"
Experienced in architectural photography and product sessions. Also offering candid services.,"['architectural', 'product', 'candid', 'editorial']"
Professional photographer specializing in portrait and architectural photography. Also offering event services.,"['portrait', 'architectural', 'event', 'editorial', 'business']"
Experienced in artistic photography and wedding sessions. Also offering model services.,"['artistic', 'wedding', 'model', 'portrait', 'business']"
Professional photographer specializing in professional and model photography. Also offering candid services.,"['professional', 'model', 'candid', 'editorial', 'architectural']"
Experienced in editorial photography and event sessions. Also offering professional services.,"['editorial', 'event', 'professional', 'model', 'business']"
Experienced in architectural photography and candid sessions.,"['architectural', 'candid']"
Experienced in traditional photography and product sessions. Also offering artistic services.,"['traditional', 'product', 'artistic', 'event', 'candid']"
Experienced in architectural photography and outdoor sessions. Also offering romantic services.,"['architectural', 'outdoor', 'romantic']"
Professional photographer specializing in event and artistic photography. Also offering dramatic services.,"['event', 'artistic', 'dramatic', 'architectural', 'documentary']"
Experienced in portrait photography and fine-art sessions. Also offering corporate services.,"['portrait', 'fine-art', 'corporate', 'wedding']"
Creative professional photographer with expertise in business work. Also offering traditional services.,"['professional', 'business', 'traditional', 'dramatic', 'natural-light']"
Creative business photographer with expertise in black-white work. Also offering traditional services.,"['business', 'black-white', 'traditional', 'documentary']"
Creative portrait photographer with expertise in architectural work. Also offering studio services.,"['portrait', 'architectural', 'studio', 'event', 'business']"
Creative dramatic photographer with expertise in professional work. Also offering outdoor services.,"['dramatic', 'professional', 'outdoor', 'wedding']"
Creative portrait photographer with expertise in candid work. Also offering outdoor services.,"['portrait', 'candid', 'outdoor']"
Creative black-white photographer with expertise in fashion work. Also offering studio services.,"['black-white', 'fashion', 'studio', 'natural-light']"
Creative professional photographer with expertise in fashion work. Also offering studio services.,"['professional', 'fashion', 'studio', 'fine-art', 'product']"
Experienced in artistic photography and editorial sessions. Also offering outdoor services.,"['artistic', 'editorial', 'outdoor', 'professional']"
Experienced in beauty photography and romantic sessions. Also offering corporate services.,"['beauty', 'romantic', 'corporate', 'event', 'architectural']"
Experienced in business photography and documentary sessions. Also offering architectural services.,"['business', 'documentary', 'architectural', 'beauty', 'natural-light']"
Experienced in black-white photography and candid sessions. Also offering event services.,"['black-white', 'candid', 'event', 'architectural']"
Creative romantic photographer with expertise in product work. Also offering fashion services.,"['romantic', 'product', 'fashion', 'model']"
Creative romantic photographer with expertise in fashion work. Also offering traditional services.,"['romantic', 'fashion', 'traditional', 'portrait']"
Creative fashion photographer with expertise in romantic work.,"['fashion', 'romantic']"
Professional photographer specializing in dramatic and candid photography.,"['dramatic', 'candid']"
Experienced in corporate photography and event sessions. Also offering documentary services.,"['corporate', 'event', 'documentary', 'fashion']"
Creative documentary photographer with expertise in traditional work. Also offering editorial services.,"['documentary', 'traditional', 'editorial', 'dramatic', 'studio']"
Creative portrait photographer with expertise in business work. Also offering fashion services.,"['portrait', 'business', 'fashion', 'documentary', 'beauty']"
Experienced in wedding photography and studio sessions. Also offering family services.,"['wedding', 'studio', 'family', 'outdoor', 'fashion']"
Experienced in artistic photography and fine-art sessions. Also offering family services.,"['artistic', 'fine-art', 'family']"
Creative architectural photographer with expertise in portrait work. Also offering studio services.,"['architectural', 'portrait', 'studio', 'fashion', 'dramatic']"
Professional photographer specializing in business and wedding photography. Also offering fine-art services.,"['business', 'wedding', 'fine-art']"
Professional photographer specializing in business and corporate photography. Also offering romantic services.,"['business', 'corporate', 'romantic', 'traditional', 'event']"
Creative documentary photographer with expertise in architectural work. Also offering business services.,"['documentary', 'architectural', 'business', 'black-white', 'dramatic']"
Creative traditional photographer with expertise in wedding work.,"['traditional', 'wedding']"
Experienced in wedding photography and candid sessions. Also offering event services.,"['wedding', 'candid', 'event']"
Creative outdoor photographer with expertise in wedding work.,"['outdoor', 'wedding']"
Creative romantic photographer with expertise in portrait work. Also offering black-white services.,"['romantic', 'portrait', 'black-white', 'outdoor']"
Experienced in wedding photography and black-white sessions. Also offering romantic services.,"['wedding', 'black-white', 'romantic']"
Professional photographer specializing in documentary and traditional photography. Also offering editorial services.,"['documentary', 'traditional', 'editorial', 'family', 'artistic']"
Creative dramatic photographer with expertise in product work. Also offering fine-art services.,"['dramatic', 'product', 'fine-art', 'professional']"
Professional photographer specializing in outdoor and beauty photography. Also offering romantic services.,"['outdoor', 'beauty', 'romantic', 'editorial', 'candid']"
Creative architectural photographer with expertise in black-white work. Also offering natural-light services.,"['architectural', 'black-white', 'natural-light']"
Creative editorial photographer with expertise in architectural work.,"['editorial', 'architectural']"
Professional photographer specializing in natural-light and romantic photography. Also offering family services.,"['natural-light', 'romantic', 'family', 'event']"
Professional photographer specializing in candid and fashion photography.,"['candid', 'fashion']"
Creative dramatic photographer with expertise in romantic work. Also offering product services.,"['dramatic', 'romantic', 'product', 'artistic']"
Creative artistic photographer with expertise in business work. Also offering product services.,"['artistic', 'business', 'product', 'documentary', 'dramatic']"
Creative traditional photographer with expertise in architectural work. Also offering artistic services.,"['traditional', 'architectural', 'artistic']"
Professional photographer specializing in editorial and documentary photography. Also offering traditional services.,"['editorial', 'documentary', 'traditional', 'fine-art', 'business']"
Experienced in dramatic photography and wedding sessions.,"['dramatic', 'wedding']"
Experienced in professional photography and portrait sessions. Also offering beauty services.,"['professional', 'portrait', 'beauty', 'architectural', 'artistic']"
Experienced in architectural photography and natural-light sessions. Also offering artistic services.,"['architectural', 'natural-light', 'artistic', 'romantic', 'fine-art']"
Experienced in event photography and dramatic sessions. Also offering wedding services.,"['event', 'dramatic', 'wedding']"
Experienced in fashion photography and romantic sessions. Also offering wedding services.,"['fashion', 'romantic', 'wedding', 'natural-light', 'event']"
Professional photographer specializing in natural-light and editorial photography. Also offering studio services.,"['natural-light', 'editorial', 'studio', 'traditional']"
Experienced in model photography and studio sessions. Also offering artistic services.,"['model', 'studio', 'artistic', 'documentary']"
Professional photographer specializing in documentary and wedding photography. Also offering traditional services.,"['documentary', 'wedding', 'traditional', 'beauty']"
Experienced in wedding photography and family sessions.,"['wedding', 'family']"
Creative portrait photographer with expertise in product work.,"['portrait', 'product']"
Professional photographer specializing in business and corporate photography. Also offering traditional services.,"['business', 'corporate', 'traditional', 'romantic', 'beauty']"
Professional photographer specializing in candid and family photography. Also offering documentary services.,"['candid', 'family', 'documentary']"
Experienced in candid photography and professional sessions.,"['candid', 'professional']"
Professional photographer specializing in event and business photography. Also offering professional services.,"['event', 'business', 'professional', 'traditional']"
Experienced in editorial photography and business sessions.,"['editorial', 'business']"
Experienced in model photography and natural-light sessions. Also offering documentary services.,"['model', 'natural-light', 'documentary', 'portrait']"
Professional photographer specializing in black-white and architectural photography. Also offering editorial services.,"['black-white', 'architectural', 'editorial', 'candid']"
Professional photographer specializing in outdoor and traditional photography. Also offering candid services.,"['outdoor', 'traditional', 'candid', 'corporate', 'model']"
Professional photographer specializing in candid and family photography. Also offering event services.,"['candid', 'family', 'event', 'portrait', 'fashion']"
Creative artistic photographer with expertise in candid work. Also offering family services.,"['artistic', 'candid', 'family', 'portrait']"
Creative editorial photographer with expertise in corporate work.,"['editorial', 'corporate']"
Experienced in beauty photography and corporate sessions. Also offering editorial services.,"['beauty', 'corporate', 'editorial', 'studio', 'professional']"
Experienced in artistic photography and wedding sessions.,"['artistic', 'wedding']"
Creative professional photographer with expertise in product work.,"['professional', 'product']"
Professional photographer specializing in artistic and outdoor photography. Also offering candid services.,"['artistic', 'outdoor', 'candid']"
Experienced in romantic photography and traditional sessions.,"['romantic', 'traditional']"
Professional photographer specializing in product and corporate photography. Also offering model services.,"['product', 'corporate', 'model', 'family', 'documentary']"
Experienced in product photography and beauty sessions. Also offering architectural services.,"['product', 'beauty', 'architectural']"
Experienced in model photography and professional sessions.,"['model', 'professional']"
Creative traditional photographer with expertise in candid work.,"['traditional', 'candid']"
Professional photographer specializing in natural-light and beauty photography. Also offering business services.,"['natural-light', 'beauty', 'business', 'fine-art']"
Experienced in business photography and wedding sessions. Also offering traditional services.,"['business', 'wedding', 'traditional', 'portrait', 'candid']"
Creative fine-art photographer with expertise in architectural work. Also offering family services.,"['fine-art', 'architectural', 'family', 'wedding', 'traditional']"
Experienced in artistic photography and fashion sessions. Also offering portrait services.,"['artistic', 'fashion', 'portrait', 'event', 'outdoor']"
Creative family photographer with expertise in editorial work. Also offering fine-art services.,"['family', 'editorial', 'fine-art']"
Professional photographer specializing in artistic and outdoor photography. Also offering portrait services.,"['artistic', 'outdoor', 'portrait']"
Experienced in artistic photography and studio sessions. Also offering dramatic services.,"['artistic', 'studio', 'dramatic']"
Professional photographer specializing in beauty and dramatic photography. Also offering artistic services.,"['beauty', 'dramatic', 'artistic', 'outdoor']"
Experienced in documentary photography and portrait sessions. Also offering candid services.,"['documentary', 'portrait', 'candid', 'traditional']"
Professional photographer specializing in model and corporate photography. Also offering traditional services.,"['model', 'corporate', 'traditional']"
Creative professional photographer with expertise in artistic work.,"['professional', 'artistic']"
Creative business photographer with expertise in black-white work.,"['business', 'black-white']"
Experienced in fashion photography and professional sessions.,"['fashion', 'professional']"
Experienced in business photography and documentary sessions. Also offering dramatic services.,"['business', 'documentary', 'dramatic', 'traditional']"
Professional photographer specializing in candid and product photography.,"['candid', 'product']"
Experienced in product photography and business sessions. Also offering event services.,"['product', 'business', 'event']"
Professional photographer specializing in artistic and traditional photography. Also offering event services.,"['artistic', 'traditional', 'event', 'fashion']"
Professional photographer specializing in event and romantic photography. Also offering black-white services.,"['event', 'romantic', 'black-white']"
Creative fine-art photographer with expertise in architectural work. Also offering business services.,"['fine-art', 'architectural', 'business', 'studio']"
Professional photographer specializing in artistic and professional photography.,"['artistic', 'professional']"
Experienced in studio photography and fashion sessions. Also offering model services.,"['studio', 'fashion', 'model', 'dramatic', 'candid']"
Professional photographer specializing in artistic and candid photography.,"['artistic', 'candid']"
Experienced in studio photography and candid sessions. Also offering corporate services.,"['studio', 'candid', 'corporate', 'portrait']"
Experienced in family photography and fine-art sessions. Also offering traditional services.,"['family', 'fine-art', 'traditional']"
Creative fine-art photographer with expertise in business work. Also offering model services.,"['fine-art', 'business', 'model']"
Professional photographer specializing in traditional and product photography.,"['traditional', 'product']"
Creative model photographer with expertise in professional work. Also offering product services.,"['model', 'professional', 'product', 'architectural']"
Creative corporate photographer with expertise in event work. Also offering family services.,"['corporate', 'event', 'family', 'outdoor']"
Creative fashion photographer with expertise in documentary work. Also offering romantic services.,"['fashion', 'documentary', 'romantic', 'fine-art', 'model']"
Professional photographer specializing in portrait and romantic photography.,"['portrait', 'romantic']"
Experienced in studio photography and event sessions. Also offering candid services.,"['studio', 'event', 'candid', 'business', 'artistic']"
Professional photographer specializing in studio and artistic photography.,"['studio', 'artistic']"
Creative dramatic photographer with expertise in fine-art work. Also offering event services.,"['dramatic', 'fine-art', 'event', 'fashion']"
Professional photographer specializing in fashion and fine-art photography. Also offering traditional services.,"['fashion', 'fine-art', 'traditional', 'model']"
Creative studio photographer with expertise in fine-art work. Also offering black-white services.,"['studio', 'fine-art', 'black-white']"
Professional photographer specializing in black-white and architectural photography.,"['black-white', 'architectural']"
Experienced in black-white photography and fashion sessions. Also offering corporate services.,"['black-white', 'fashion', 'corporate', 'portrait']"
Experienced in studio photography and model sessions.,"['studio', 'model']"
Creative product photographer with expertise in portrait work. Also offering event services.,"['product', 'portrait', 'event', 'outdoor', 'documentary']"
Creative editorial photographer with expertise in studio work. Also offering professional services.,"['editorial', 'studio', 'professional', 'dramatic']"
Professional photographer specializing in artistic and black-white photography. Also offering professional services.,"['artistic', 'black-white', 'professional', 'wedding', 'documentary']"
Experienced in wedding photography and product sessions.,"['wedding', 'product']"
Experienced in model photography and business sessions. Also offering fashion services.,"['model', 'business', 'fashion', 'editorial']"
Creative family photographer with expertise in fashion work.,"['family', 'fashion']"
Professional photographer specializing in corporate and romantic photography. Also offering fine-art services.,"['corporate', 'romantic', 'fine-art', 'black-white']"
Experienced in fine-art photography and candid sessions. Also offering corporate services.,"['fine-art', 'candid', 'corporate', 'beauty']"
Creative corporate photographer with expertise in documentary work. Also offering traditional services.,"['corporate', 'documentary', 'traditional', 'beauty', 'event']"
Experienced in documentary photography and fine-art sessions.,"['documentary', 'fine-art']"
Professional photographer specializing in corporate and black-white photography.,"['corporate', 'black-white']"
Professional photographer specializing in corporate and candid photography. Also offering artistic services.,"['corporate', 'candid', 'artistic']"
Professional photographer specializing in wedding and documentary photography.,"['wedding', 'documentary']"
Experienced in portrait photography and artistic sessions. Also offering product services.,"['portrait', 'artistic', 'product', 'model']"
Professional photographer specializing in corporate and editorial photography.,"['corporate', 'editorial']"
Creative editorial photographer with expertise in model work. Also offering beauty services.,"['editorial', 'model', 'beauty', 'artistic']"
Professional photographer specializing in dramatic and studio photography. Also offering artistic services.,"['dramatic', 'studio', 'artistic', 'corporate', 'candid']"
Professional photographer specializing in model and romantic photography.,"['model', 'romantic']"
Professional photographer specializing in artistic and editorial photography. Also offering candid services.,"['artistic', 'editorial', 'candid', 'architectural']"
Experienced in beauty photography and black-white sessions. Also offering natural-light services.,"['beauty', 'black-white', 'natural-light', 'portrait', 'corporate']"
Experienced in dramatic photography and product sessions. Also offering outdoor services.,"['dramatic', 'product', 'outdoor']"
Creative editorial photographer with expertise in portrait work. Also offering professional services.,"['editorial', 'portrait', 'professional', 'beauty']"
Professional photographer specializing in fine-art and family photography. Also offering model services.,"['fine-art', 'family', 'model']"
Creative traditional photographer with expertise in corporate work. Also offering business services.,"['traditional', 'corporate', 'business', 'candid']"
Professional photographer specializing in portrait and artistic photography.,"['portrait', 'artistic']"
Experienced in artistic photography and fashion sessions. Also offering business services.,"['artistic', 'fashion', 'business']"
Creative business photographer with expertise in beauty work. Also offering portrait services.,"['business', 'beauty', 'portrait', 'architectural']"
Professional photographer specializing in documentary and traditional photography. Also offering studio services.,"['documentary', 'traditional', 'studio']"
Experienced in fashion photography and professional sessions. Also offering fine-art services.,"['fashion', 'professional', 'fine-art', 'family', 'natural-light']"
Creative event photographer with expertise in model work.,"['event', 'model']"
Professional photographer specializing in traditional and studio photography. Also offering family services.,"['traditional', 'studio', 'family']"
Professional photographer specializing in corporate and fashion photography. Also offering business services.,"['corporate', 'fashion', 'business']"
Experienced in outdoor photography and family sessions. Also offering candid services.,"['outdoor', 'family', 'candid']"
Experienced in studio photography and portrait sessions.,"['studio', 'portrait']"
Professional photographer specializing in documentary and wedding photography. Also offering candid services.,"['documentary', 'wedding', 'candid', 'black-white']"
Professional photographer specializing in candid and beauty photography. Also offering professional services.,"['candid', 'beauty', 'professional', 'fashion', 'event']"
Creative family photographer with expertise in wedding work.,"['family', 'wedding']"
Professional photographer specializing in editorial and beauty photography. Also offering dramatic services.,"['editorial', 'beauty', 'dramatic', 'romantic', 'family']"
Professional photographer specializing in dramatic and fine-art photography. Also offering professional services.,"['dramatic', 'fine-art', 'professional']"
Experienced in artistic photography and event sessions.,"['artistic', 'event']"
Creative fashion photographer with expertise in studio work. Also offering romantic services.,"['fashion', 'studio', 'romantic', 'portrait', 'architectural']"
Creative professional photographer with expertise in candid work. Also offering product services.,"['professional', 'candid', 'product']"
Creative romantic photographer with expertise in corporate work. Also offering fine-art services.,"['romantic', 'corporate', 'fine-art']"
Creative black-white photographer with expertise in portrait work. Also offering studio services.,"['black-white', 'portrait', 'studio']"
Creative product photographer with expertise in romantic work. Also offering beauty services.,"['product', 'romantic', 'beauty']"
Experienced in artistic photography and event sessions. Also offering beauty services.,"['artistic', 'event', 'beauty']"
Creative event photographer with expertise in romantic work. Also offering traditional services.,"['event', 'romantic', 'traditional', 'professional']"
Professional photographer specializing in business and portrait photography. Also offering black-white services.,"['business', 'portrait', 'black-white', 'natural-light', 'event']"
Experienced in romantic photography and dramatic sessions.,"['romantic', 'dramatic']"
Experienced in professional photography and portrait sessions. Also offering black-white services.,"['professional', 'portrait', 'black-white']"
Creative editorial photographer with expertise in fashion work. Also offering artistic services.,"['editorial', 'fashion', 'artistic', 'studio']"
Professional photographer specializing in portrait and artistic photography. Also offering corporate services.,"['portrait', 'artistic', 'corporate']"
Experienced in model photography and product sessions. Also offering editorial services.,"['model', 'product', 'editorial', 'portrait', 'outdoor']"
Creative model photographer with expertise in beauty work. Also offering romantic services.,"['model', 'beauty', 'romantic', 'portrait']"
Professional photographer specializing in candid and product photography.,"['candid', 'product']"
Creative natural-light photographer with expertise in wedding work.,"['natural-light', 'wedding']"
Creative natural-light photographer with expertise in candid work.,"['natural-light', 'candid']"
Professional photographer specializing in natural-light and beauty photography.,"['natural-light', 'beauty']"
Professional photographer specializing in corporate and black-white photography. Also offering natural-light services.,"['corporate', 'black-white', 'natural-light', 'romantic', 'artistic']"
Professional photographer specializing in editorial and fashion photography. Also offering business services.,"['editorial', 'fashion', 'business', 'beauty']"
Creative studio photographer with expertise in artistic work. Also offering documentary services.,"['studio', 'artistic', 'documentary']"
Creative outdoor photographer with expertise in model work. Also offering documentary services.,"['outdoor', 'model', 'documentary']"
Professional photographer specializing in documentary and product photography.,"['documentary', 'product']"
Experienced in black-white photography and beauty sessions. Also offering studio services.,"['black-white', 'beauty', 'studio', 'family']"
Professional photographer specializing in wedding and model photography. Also offering documentary services.,"['wedding', 'model', 'documentary']"
Experienced in studio photography and corporate sessions. Also offering fine-art services.,"['studio', 'corporate', 'fine-art']"
Professional photographer specializing in documentary and family photography. Also offering event services.,"['documentary', 'family', 'event']"
Experienced in black-white photography and studio sessions. Also offering event services.,"['black-white', 'studio', 'event']"
Experienced in professional photography and beauty sessions. Also offering black-white services.,"['professional', 'beauty', 'black-white', 'business']"
Experienced in black-white photography and family sessions.,"['black-white', 'family']"
Professional photographer specializing in model and portrait photography. Also offering editorial services.,"['model', 'portrait', 'editorial', 'event', 'outdoor']"
Experienced in corporate photography and beauty sessions. Also offering outdoor services.,"['corporate', 'beauty', 'outdoor', 'architectural', 'professional']"
Creative event photographer with expertise in wedding work.,"['event', 'wedding']"
Professional photographer specializing in romantic and corporate photography.,"['romantic', 'corporate']"
Creative studio photographer with expertise in event work. Also offering editorial services.,"['studio', 'event', 'editorial']"
Experienced in family photography and model sessions. Also offering event services.,"['family', 'model', 'event', 'candid', 'artistic']"
Experienced in corporate photography and business sessions. Also offering candid services.,"['corporate', 'business', 'candid', 'black-white', 'outdoor']"
Creative event photographer with expertise in business work. Also offering dramatic services.,"['event', 'business', 'dramatic', 'family']"
Professional photographer specializing in corporate and event photography. Also offering beauty services.,"['corporate', 'event', 'beauty', 'wedding', 'artistic']"
Creative wedding photographer with expertise in dramatic work. Also offering product services.,"['wedding', 'dramatic', 'product']"
Experienced in outdoor photography and corporate sessions. Also offering artistic services.,"['outdoor', 'corporate', 'artistic', 'black-white', 'romantic']"
Professional photographer specializing in studio and editorial photography. Also offering fine-art services.,"['studio', 'editorial', 'fine-art', 'documentary']"
Creative beauty photographer with expertise in model work. Also offering traditional services.,"['beauty', 'model', 'traditional', 'black-white', 'fashion']"
Experienced in business photography and professional sessions. Also offering black-white services.,"['business', 'professional', 'black-white', 'artistic', 'product']"
Creative romantic photographer with expertise in natural-light work.,"['romantic', 'natural-light']"
Creative black-white photographer with expertise in corporate work. Also offering business services.,"['black-white', 'corporate', 'business', 'family', 'natural-light']"
Professional photographer specializing in business and wedding photography. Also offering professional services.,"['business', 'wedding', 'professional', 'event', 'traditional']"
Professional photographer specializing in black-white and traditional photography. Also offering fashion services.,"['black-white', 'traditional', 'fashion', 'fine-art']"
Creative fine-art photographer with expertise in black-white work. Also offering artistic services.,"['fine-art', 'black-white', 'artistic', 'editorial']"
Experienced in outdoor photography and documentary sessions. Also offering editorial services.,"['outdoor', 'documentary', 'editorial', 'beauty', 'professional']"
Creative corporate photographer with expertise in romantic work. Also offering black-white services.,"['corporate', 'romantic', 'black-white', 'dramatic']"
Creative romantic photographer with expertise in artistic work.,"['romantic', 'artistic']"
Professional photographer specializing in studio and model photography. Also offering beauty services.,"['studio', 'model', 'beauty', 'dramatic']"
Experienced in outdoor photography and artistic sessions. Also offering architectural services.,"['outdoor', 'artistic', 'architectural', 'family']"
Experienced in outdoor photography and architectural sessions. Also offering business services.,"['outdoor', 'architectural', 'business']"
Experienced in black-white photography and professional sessions.,"['black-white', 'professional']"
Experienced in traditional photography and model sessions. Also offering artistic services.,"['traditional', 'model', 'artistic', 'outdoor']"
Experienced in product photography and editorial sessions. Also offering romantic services.,"['product', 'editorial', 'romantic', 'portrait']"
Creative editorial photographer with expertise in event work.,"['editorial', 'event']"
Professional photographer specializing in natural-light and studio photography. Also offering black-white services.,"['natural-light', 'studio', 'black-white', 'dramatic']"
Creative portrait photographer with expertise in architectural work. Also offering model services.,"['portrait', 'architectural', 'model', 'event']"
Creative event photographer with expertise in artistic work.,"['event', 'artistic']"
Experienced in wedding photography and black-white sessions. Also offering model services.,"['wedding', 'black-white', 'model', 'documentary', 'studio']"
Experienced in natural-light photography and family sessions. Also offering outdoor services.,"['natural-light', 'family', 'outdoor', 'model']"
Creative studio photographer with expertise in documentary work. Also offering business services.,"['studio', 'documentary', 'business', 'traditional']"
Experienced in architectural photography and artistic sessions. Also offering studio services.,"['architectural', 'artistic', 'studio', 'beauty', 'black-white']"
Creative black-white photographer with expertise in portrait work. Also offering fine-art services.,"['black-white', 'portrait', 'fine-art', 'model']"
Professional photographer specializing in dramatic and product photography. Also offering corporate services.,"['dramatic', 'product', 'corporate']"
Creative family photographer with expertise in portrait work. Also offering corporate services.,"['family', 'portrait', 'corporate', 'architectural', 'event']"
Professional photographer specializing in artistic and fashion photography. Also offering black-white services.,"['artistic', 'fashion', 'black-white', 'fine-art']"
Professional photographer specializing in dramatic and traditional photography. Also offering beauty services.,"['dramatic', 'traditional', 'beauty', 'black-white']"
Professional photographer specializing in beauty and editorial photography.,"['beauty', 'editorial']"
Experienced in fashion photography and traditional sessions. Also offering dramatic services.,"['fashion', 'traditional', 'dramatic']"
Experienced in model photography and artistic sessions. Also offering wedding services.,"['model', 'artistic', 'wedding']"
Creative product photographer with expertise in natural-light work. Also offering artistic services.,"['product', 'natural-light', 'artistic', 'corporate', 'portrait']"
Experienced in portrait photography and family sessions. Also offering studio services.,"['portrait', 'family', 'studio']"
Creative romantic photographer with expertise in dramatic work. Also offering artistic services.,"['romantic', 'dramatic', 'artistic', 'business', 'beauty']"
Professional photographer specializing in outdoor and artistic photography. Also offering corporate services.,"['outdoor', 'artistic', 'corporate', 'romantic']"
Experienced in candid photography and business sessions. Also offering event services.,"['candid', 'business', 'event']"
Professional photographer specializing in event and studio photography.,"['event', 'studio']"
Experienced in fashion photography and beauty sessions. Also offering studio services.,"['fashion', 'beauty', 'studio', 'wedding', 'architectural']"
Professional photographer specializing in natural-light and studio photography. Also offering beauty services.,"['natural-light', 'studio', 'beauty']"
Creative dramatic photographer with expertise in traditional work. Also offering model services.,"['dramatic', 'traditional', 'model', 'family']"
Creative model photographer with expertise in fine-art work. Also offering portrait services.,"['model', 'fine-art', 'portrait', 'candid']"
Experienced in editorial photography and fine-art sessions. Also offering model services.,"['editorial', 'fine-art', 'model', 'business', 'wedding']"
Professional photographer specializing in dramatic and traditional photography.,"['dramatic', 'traditional']"
Experienced in fashion photography and dramatic sessions. Also offering beauty services.,"['fashion', 'dramatic', 'beauty', 'artistic', 'event']"
Professional photographer specializing in traditional and editorial photography. Also offering product services.,"['traditional', 'editorial', 'product']"
Professional photographer specializing in natural-light and outdoor photography. Also offering family services.,"['natural-light', 'outdoor', 'family', 'black-white']"
Creative wedding photographer with expertise in beauty work.,"['wedding', 'beauty']"
Creative product photographer with expertise in traditional work. Also offering wedding services.,"['product', 'traditional', 'wedding', 'family', 'editorial']"
Experienced in fine-art photography and romantic sessions. Also offering documentary services.,"['fine-art', 'romantic', 'documentary']"
Professional photographer specializing in product and corporate photography. Also offering editorial services.,"['product', 'corporate', 'editorial', 'romantic', 'fashion']"
Professional photographer specializing in fashion and artistic photography. Also offering outdoor services.,"['fashion', 'artistic', 'outdoor', 'corporate', 'romantic']"
Creative business photographer with expertise in dramatic work. Also offering candid services.,"['business', 'dramatic', 'candid', 'beauty']"
Experienced in romantic photography and studio sessions.,"['romantic', 'studio']"
Experienced in wedding photography and business sessions. Also offering professional services.,"['wedding', 'business', 'professional', 'portrait', 'event']"
Creative fine-art photographer with expertise in architectural work.,"['fine-art', 'architectural']"
Professional photographer specializing in black-white and event photography. Also offering family services.,"['black-white', 'event', 'family']"
Experienced in beauty photography and family sessions. Also offering model services.,"['beauty', 'family', 'model', 'natural-light']"
Creative business photographer with expertise in fine-art work. Also offering portrait services.,"['business', 'fine-art', 'portrait', 'natural-light', 'traditional']"
Professional photographer specializing in business and beauty photography. Also offering event services.,"['business', 'beauty', 'event', 'outdoor', 'fashion']"
Professional photographer specializing in artistic and product photography.,"['artistic', 'product']"
Creative traditional photographer with expertise in artistic work. Also offering wedding services.,"['traditional', 'artistic', 'wedding', 'romantic', 'professional']"
Professional photographer specializing in wedding and fine-art photography. Also offering editorial services.,"['wedding', 'fine-art', 'editorial']"
Creative documentary photographer with expertise in business work. Also offering studio services.,"['documentary', 'business', 'studio']"
Professional photographer specializing in event and architectural photography. Also offering traditional services.,"['event', 'architectural', 'traditional', 'model']"
Experienced in product photography and portrait sessions. Also offering event services.,"['product', 'portrait', 'event']"
Professional photographer specializing in studio and fine-art photography.,"['studio', 'fine-art']"
Professional photographer specializing in family and editorial photography. Also offering documentary services.,"['family', 'editorial', 'documentary', 'architectural']"
Creative traditional photographer with expertise in editorial work. Also offering black-white services.,"['traditional', 'editorial', 'black-white', 'natural-light']"
Experienced in romantic photography and editorial sessions. Also offering professional services.,"['romantic', 'editorial', 'professional', 'traditional']"
Experienced in studio photography and black-white sessions. Also offering wedding services.,"['studio', 'black-white', 'wedding']"
Professional photographer specializing in event and natural-light photography. Also offering outdoor services.,"['event', 'natural-light', 'outdoor', 'traditional']"
Creative documentary photographer with expertise in natural-light work. Also offering traditional services.,"['documentary', 'natural-light', 'traditional', 'family']"
Creative documentary photographer with expertise in natural-light work.,"['documentary', 'natural-light']"
Creative family photographer with expertise in fashion work. Also offering artistic services.,"['family', 'fashion', 'artistic', 'romantic', 'event']"
Creative documentary photographer with expertise in beauty work.,"['documentary', 'beauty']"
Creative editorial photographer with expertise in architectural work. Also offering black-white services.,"['editorial', 'architectural', 'black-white', 'artistic', 'model']"
Experienced in wedding photography and product sessions.,"['wedding', 'product']"
Professional photographer specializing in business and wedding photography. Also offering dramatic services.,"['business', 'wedding', 'dramatic', 'beauty']"
Professional photographer specializing in natural-light and documentary photography. Also offering model services.,"['natural-light', 'documentary', 'model', 'family', 'architectural']"
Professional photographer specializing in family and traditional photography. Also offering business services.,"['family', 'traditional', 'business', 'documentary']"
Creative natural-light photographer with expertise in product work.,"['natural-light', 'product']"
Creative portrait photographer with expertise in beauty work. Also offering natural-light services.,"['portrait', 'beauty', 'natural-light']"
Professional photographer specializing in artistic and romantic photography.,"['artistic', 'romantic']"
Experienced in wedding photography and artistic sessions. Also offering corporate services.,"['wedding', 'artistic', 'corporate', 'editorial']"
Experienced in corporate photography and black-white sessions. Also offering romantic services.,"['corporate', 'black-white', 'romantic', 'beauty', 'dramatic']"
Creative event photographer with expertise in portrait work. Also offering traditional services.,"['event', 'portrait', 'traditional', 'family']"
Experienced in portrait photography and product sessions. Also offering professional services.,"['portrait', 'product', 'professional', 'documentary']"
Experienced in dramatic photography and candid sessions. Also offering studio services.,"['dramatic', 'candid', 'studio', 'wedding']"
Creative studio photographer with expertise in artistic work. Also offering portrait services.,"['studio', 'artistic', 'portrait', 'wedding', 'fashion']"
Experienced in beauty photography and event sessions. Also offering documentary services.,"['beauty', 'event', 'documentary', 'business', 'model']"
Experienced in professional photography and fashion sessions.,"['professional', 'fashion']"
Creative outdoor photographer with expertise in professional work. Also offering dramatic services.,"['outdoor', 'professional', 'dramatic', 'model']"
Experienced in corporate photography and documentary sessions. Also offering editorial services.,"['corporate', 'documentary', 'editorial']"
Professional photographer specializing in outdoor and product photography. Also offering romantic services.,"['outdoor', 'product', 'romantic', 'wedding']"
Creative business photographer with expertise in artistic work. Also offering dramatic services.,"['business', 'artistic', 'dramatic', 'black-white', 'professional']"
Experienced in romantic photography and black-white sessions. Also offering fine-art services.,"['romantic', 'black-white', 'fine-art', 'dramatic', 'event']"
Professional photographer specializing in portrait and traditional photography. Also offering black-white services.,"['portrait', 'traditional', 'black-white', 'event']"
Professional photographer specializing in traditional and documentary photography. Also offering fine-art services.,"['traditional', 'documentary', 'fine-art', 'black-white', 'dramatic']"
Creative family photographer with expertise in product work.,"['family', 'product']"
Experienced in studio photography and artistic sessions. Also offering event services.,"['studio', 'artistic', 'event', 'traditional', 'product']"
Professional photographer specializing in black-white and studio photography. Also offering candid services.,"['black-white', 'studio', 'candid', 'corporate']"
Experienced in event photography and model sessions. Also offering professional services.,"['event', 'model', 'professional', 'candid']"
Professional photographer specializing in architectural and romantic photography.,"['architectural', 'romantic']"
Creative fashion photographer with expertise in fine-art work. Also offering romantic services.,"['fashion', 'fine-art', 'romantic']"
Creative fashion photographer with expertise in natural-light work. Also offering event services.,"['fashion', 'natural-light', 'event', 'model']"
Experienced in studio photography and romantic sessions. Also offering outdoor services.,"['studio', 'romantic', 'outdoor', 'model']"
Creative beauty photographer with expertise in dramatic work. Also offering family services.,"['beauty', 'dramatic', 'family', 'product', 'corporate']"
Experienced in portrait photography and editorial sessions. Also offering artistic services.,"['portrait', 'editorial', 'artistic', 'fine-art']"
Professional photographer specializing in fine-art and black-white photography. Also offering traditional services.,"['fine-art', 'black-white', 'traditional', 'wedding']"
Professional photographer specializing in black-white and fine-art photography. Also offering model services.,"['black-white', 'fine-art', 'model']"
Creative portrait photographer with expertise in architectural work.,"['portrait', 'architectural']"
Creative candid photographer with expertise in event work. Also offering studio services.,"['candid', 'event', 'studio', 'wedding', 'model']"
Experienced in event photography and architectural sessions. Also offering business services.,"['event', 'architectural', 'business', 'portrait', 'documentary']"
Creative documentary photographer with expertise in outdoor work. Also offering traditional services.,"['documentary', 'outdoor', 'traditional', 'product']"
Professional photographer specializing in documentary and family photography. Also offering event services.,"['documentary', 'family', 'event', 'corporate']"
Professional photographer specializing in fashion and professional photography. Also offering studio services.,"['fashion', 'professional', 'studio', 'editorial', 'romantic']"
Creative black-white photographer with expertise in dramatic work. Also offering beauty services.,"['black-white', 'dramatic', 'beauty', 'event']"
Professional photographer specializing in editorial and romantic photography. Also offering black-white services.,"['editorial', 'romantic', 'black-white']"
Creative fashion photographer with expertise in professional work. Also offering portrait services.,"['fashion', 'professional', 'portrait', 'black-white', 'candid']"
Creative artistic photographer with expertise in portrait work.,"['artistic', 'portrait']"
Creative documentary photographer with expertise in fashion work. Also offering architectural services.,"['documentary', 'fashion', 'architectural', 'romantic']"
Creative family photographer with expertise in business work. Also offering candid services.,"['family', 'business', 'candid']"
Professional photographer specializing in natural-light and business photography. Also offering artistic services.,"['natural-light', 'business', 'artistic']"
Experienced in outdoor photography and business sessions. Also offering portrait services.,"['outdoor', 'business', 'portrait']"
Experienced in outdoor photography and beauty sessions. Also offering corporate services.,"['outdoor', 'beauty', 'corporate']"
Professional photographer specializing in artistic and candid photography. Also offering natural-light services.,"['artistic', 'candid', 'natural-light']"
Creative portrait photographer with expertise in traditional work. Also offering model services.,"['portrait', 'traditional', 'model', 'business', 'black-white']"
Experienced in traditional photography and black-white sessions. Also offering wedding services.,"['traditional', 'black-white', 'wedding', 'artistic', 'event']"
Creative business photographer with expertise in editorial work. Also offering product services.,"['business', 'editorial', 'product', 'documentary']"
Experienced in family photography and business sessions. Also offering romantic services.,"['family', 'business', 'romantic', 'corporate']"
Professional photographer specializing in artistic and black-white photography.,"['artistic', 'black-white']"
Professional photographer specializing in dramatic and outdoor photography. Also offering professional services.,"['dramatic', 'outdoor', 'professional', 'product', 'model']"
Creative candid photographer with expertise in portrait work. Also offering natural-light services.,"['candid', 'portrait', 'natural-light', 'black-white']"
